,accuracy,precision,recall,f1_score,roc_auc
Random Forest (tuned),0.6498257839721254,0.6486810382058905,0.6498257839721254,0.6482628795170007,0.7010620909491676
Logistic Regression (tuned),0.6236933797909407,0.622080422569364,0.6236933797909407,0.6202146242070398,0.6634935060531046
LDA (tuned),0.6312427409988386,0.6298469309935397,0.6312427409988386,0.6277884358008945,0.6702099087795449
Gradient Boosting (tuned),0.6533101045296167,0.6523441495437882,0.6533101045296167,0.6523384330712826,0.6796222320187189
