,accuracy,precision,recall,f1_score,roc_auc
Random Forest (tuned),0.9221556886227545,0.9204091816367265,0.9221556886227545,0.9200696228543733,0.9756756756756757
Logistic Regression (tuned),0.8682634730538922,0.8619073696684592,0.8682634730538922,0.8622456579378556,0.913929313929314
LDA (tuned),0.7784431137724551,0.6059736813797555,0.7784431137724551,0.6814653521240347,0.603950103950104
Gradient Boosting (tuned),0.9401197604790419,0.9391935261092468,0.9401197604790419,0.9388625346709178,0.9760914760914761
